{"scope.version":"2","timeline.animationMode":"quickMode","viewport.width":1533,"viewport.height":1005,"library.openDirectories":[],"library.GroupsPath":{},"library.downloadedAssets":{},"design.scrollleft":179,"design.scrolltop":0,"tool.text.optionsState":{"fontName":"Times New Roman","fontSize":"72px","fontWeight":"normal","fontStyle":"normal","alignLeft":false,"alignCenter":true,"alignRight":false,"alignJustify":false,"verticalAlignCenter":false,"foreColor":"rgb(255, 255, 255)","tagName":"span","orderedList":false,"unorderedList":false},"design.zoom":1}